,Tweet Content,User Name,HashTags,Retweet Count,Favourite Count,URL
0,"Proficiency in a language/ framework doesn't mean you know all the syntaxes, concepts, etc.

That sounds impossible!

Proficiency means that you are comfortable enough to google your way around.

#100DaysOfCode #programming",Manthangupta101,"['100DaysOfCode', 'programming']",2,2,https://twitter.com/Manthangupta101/status/1369639697819987970
1,"+ describe it to a rubber duck üòÑ

#java #apidesign #frameworkdevelopment #librarydevelopment #opensource #developer #softwaredevelopment #softwareengineering #100DaysOfCode https://t.co/xD9Vh4a7nF",helber_belmiro,"['java', 'apidesign', 'frameworkdevelopment', 'librarydevelopment', 'opensource', 'developer', 'softwaredevelopment', 'softwareengineering', '100DaysOfCode']",3,0,https://twitter.com/helber_belmiro/status/1369639649564573698
2,"The Most Essential 5 Must-Have Software For Web Developers

#hclswlobp #nocode #lowcode #javascript #nodejs #cybersecurity #Software #100DaysOfCode #codenewbie #javascript #womenintech #WomenWhoCode 

Do you think is hard to create a #CSS FRAMEWORK that will make job easy for u?",ValentineKalu3,"['hclswlobp', 'nocode', 'lowcode', 'javascript', 'nodejs', 'cybersecurity', 'Software', '100DaysOfCode', 'codenewbie', 'javascript', 'womenintech', 'WomenWhoCode', 'CSS']",3,0,https://twitter.com/ValentineKalu3/status/1369639589095342081
3,Best Resources to prepare for AWS Associate Certifications #AWS #CloudComputing  #programmer #programming #dotnetforall #100DaysOfCode #DEVCommunity  https://t.co/1a0bsMYJZ0,dotnetforall,"['AWS', 'CloudComputing', 'programmer', 'programming', 'dotnetforall', '100DaysOfCode', 'DEVCommunity']",1,1,https://twitter.com/dotnetforall/status/1369639588973715459
4,"Good morning devs!‚òï

I hope you are well rested. Get your day started right! Get some exercise in and nourish your body. üí™üèΩ 

#goodmorning
#DEVCommunity #developers #100DaysOfCode",ninan_phillip,"['goodmorning', 'DEVCommunity', 'developers', '100DaysOfCode']",3,0,https://twitter.com/ninan_phillip/status/1369639518832361472
5,"Java EE 7 A Practical Training Course From Infinite Skills
#Java #JavaEE #100DaysofCode
-&gt; https://t.co/Dv9JYeeZRJ",money_personal,"['Java', 'JavaEE', '100DaysofCode']",4,1,https://twitter.com/money_personal/status/1369639184986599428
6,"#FEATURED #COURSES

Modern #React with #Redux [2021 Update]

Master React v16.6.3 and Redux with React Router,Webpack,and Create-React-App. Includes Hooks!

https://t.co/qw5VM412Mp

#udemy #online #javascript #library #webdev #webdevelopment #website #development #100daysofcode https://t.co/1RUXaQxwk0",byLilyV,"['FEATURED', 'COURSES', 'React', 'Redux', 'udemy', 'online', 'javascript', 'library', 'webdev', 'webdevelopment', 'website', 'development', '100daysofcode']",4,2,https://twitter.com/byLilyV/status/1369639157128192007
7,"#100DaysOfCode D84:

I was shown how to create a script file in VS Code using #Node (in terminal). Then, I got introduced to globalThis.

Note to self: FOCUS. Do more.

#CodeNewbie #DEVCommunity #WomenWhoCode",recio_mariel,"['100DaysOfCode', 'Node', 'CodeNewbie', 'DEVCommunity', 'WomenWhoCode']",7,4,https://twitter.com/recio_mariel/status/1369638964181618694
8,Day 49 of #100DaysOfCode https://t.co/S8e8XaEdga,iamkennethpower,['100DaysOfCode'],5,3,https://twitter.com/iamkennethpower/status/1369638931227025409
9,My journey from JavaScript to Go https://t.co/qA4GY2X3E3 #javascript #100DaysOfCode,andrewbaisden,"['javascript', '100DaysOfCode']",3,1,https://twitter.com/andrewbaisden/status/1369638670093983745
10,"To do list for Javascript learning/challenges.
To remember üòÇüòÇ

‚úÖ Finish algorithm scripting section from @freeCodeCamp
‚úÖ Color flipper
‚úÖ Review/quotes
‚úÖ Menu sidebar

For previous challenges:
https://t.co/ZRpw07Xll3

Wish me luck üôè

#javascript #javascript30 #100DaysOfCode",Esraa_nasr92,"['javascript', 'javascript30', '100DaysOfCode']",2,1,https://twitter.com/Esraa_nasr92/status/1369638612350992384
11,"Your free stock is waiting for you! Join #Robinhood and we'll both get a stock like #Apple, Ford, or #Facebook for free. Sign up with my link. 
#StockMarket #stockstowatch #investing #100DaysOfCode #Webull #dogecoin #Bitcoin
https://t.co/LxZFg4sQ2W",shopper_US,"['Robinhood', 'Apple', 'Facebook', 'StockMarket', 'stockstowatch', 'investing', '100DaysOfCode', 'Webull', 'dogecoin', 'Bitcoin']",1,0,https://twitter.com/shopper_US/status/1369638576372256773
12,"Get assistance #chemistry #pearson on #fiverr #fiverrgigs #100DaysOfCode #Machinelearning #IoT #100DaysOfMLCode #Python #javascript #Nodejs #Serverless #womenwhocode #cybersecurity #RStats #CodeNewbie #DataScience #DEVCommunity https://t.co/mJTczajfTF
https://t.co/mJTczajfTF",sashax2_,"['chemistry', 'pearson', 'fiverr', 'fiverrgigs', '100DaysOfCode', 'Machinelearning', 'IoT', '100DaysOfMLCode', 'Python', 'javascript', 'Nodejs', 'Serverless', 'womenwhocode', 'cybersecurity', 'RStats', 'CodeNewbie', 'DataScience', 'DEVCommunity']",6,4,https://twitter.com/sashax2_/status/1369638563764174852
13,"Build Realtime Chat App and dive in both #Frontend and #Backend 

https://t.co/cXWGD7zQ8s

New project released üéâ

Btw. what did Philip want to ask Emily about...? üòÇ

This design is on üî•

#100DaysOfCode #webdev #DEVCommunity #React #mentorship #FrontEnd",BigsonDev,"['Frontend', 'Backend', '100DaysOfCode', 'webdev', 'DEVCommunity', 'React', 'mentorship', 'FrontEnd']",2,2,https://twitter.com/BigsonDev/status/1369638558277963776
14,"Trade Stocks, ETF and Options on Webull! Deposit and get 2 free stocks.
#webull #RobinhoodTraders #investing
#StockMarket #100DaysOfCode #freestock #Trending #dogecoin #Bitcoin

 https://t.co/EKYyF6tILX",oliameier,"['webull', 'RobinhoodTraders', 'investing', 'StockMarket', '100DaysOfCode', 'freestock', 'Trending', 'dogecoin', 'Bitcoin']",3,0,https://twitter.com/oliameier/status/1369638512539099141
15,"In order to understand recursion, one must first understand recursion. -Anonymous #javascript #python #softwareengineer #dataengineer #nodejs #reactjs #100DaysOfCode https://t.co/AWJyhNhxRq",glitchbotio,"['javascript', 'python', 'softwareengineer', 'dataengineer', 'nodejs', 'reactjs', '100DaysOfCode']",2,3,https://twitter.com/glitchbotio/status/1369638384696754191
16,"Get assistance #pearson #math on #fiverr #fiverrgigs #100DaysOfCode #Machinelearning #IoT #100DaysOfMLCode #Python #javascript #Nodejs #Serverless #womenwhocode #cybersecurity #RStats #CodeNewbie #DataScience #DEVCommunity https://t.co/hqVACaI4VW
https://t.co/hqVACaI4VW",sashax2_,"['pearson', 'math', 'fiverr', 'fiverrgigs', '100DaysOfCode', 'Machinelearning', 'IoT', '100DaysOfMLCode', 'Python', 'javascript', 'Nodejs', 'Serverless', 'womenwhocode', 'cybersecurity', 'RStats', 'CodeNewbie', 'DataScience', 'DEVCommunity']",4,3,https://twitter.com/sashax2_/status/1369638332368642050
17,I feel this word could be used to describe most of my portfolio #100DaysOfCode #webdevelopment #javascript #DEVCommunity #programming https://t.co/UxLVLZ2Ptr,phl3bas,"['100DaysOfCode', 'webdevelopment', 'javascript', 'DEVCommunity', 'programming']",3,3,https://twitter.com/phl3bas/status/1369638124746342408
18,"Pick a #programming language pick a #framework

Getting working on the #backend then get working on the #frontend

And the leave the ""which language is best politics"" to non developers

#100DaysOfCode #TypeScript #Angular #Java #SpringBoot",MemoInc,"['programming', 'framework', 'backend', 'frontend', '100DaysOfCode', 'TypeScript', 'Angular', 'Java', 'SpringBoot']",6,1,https://twitter.com/MemoInc/status/1369638077916909568
19,"Get assistance #math #stats #calculus on #fiverr #fiverrgigs #100DaysOfCode #Machinelearning #IoT #100DaysOfMLCode #Python #javascript #Nodejs #Serverless #womenwhocode #cybersecurity #RStats #CodeNewbie #DataScience #DEVCommunity https://t.co/bchw1FWvV5
https://t.co/bchw1FWvV5",sashax2_,"['math', 'stats', 'calculus', 'fiverr', 'fiverrgigs', '100DaysOfCode', 'Machinelearning', 'IoT', '100DaysOfMLCode', 'Python', 'javascript', 'Nodejs', 'Serverless', 'womenwhocode', 'cybersecurity', 'RStats', 'CodeNewbie', 'DataScience', 'DEVCommunity']",5,4,https://twitter.com/sashax2_/status/1369638074024656900
20,"Day 61 - 62 of #100DaysOfCode 
Integrating JavaScript to my Django shopping site. Also learnt how to implement cookies for ‚ÄúAnonymous‚Äù users using JavaScript. 

#django #javascript #css #html #FrontendDevelopment",ttmotshabi,"['100DaysOfCode', 'django', 'javascript', 'css', 'html', 'FrontendDevelopment']",4,6,https://twitter.com/ttmotshabi/status/1369638022396973060
21,"Tip : Wear a Red Tape at work.. Make Them All Look At Your Shoes..

Check It Out : https://t.co/DuWft2VYtj

#redtape #buttar #h #shotoniphone #chandigarh #100daysofcode #pb #amritsar #official #gurpreetsingh #officialbuttar #team #gopibuttar #elantemallchandigarh #elantemall #‚Ä¶ https://t.co/w3awwnl9lh",thetop3best,"['redtape', 'buttar', 'h', 'shotoniphone', 'chandigarh', '100daysofcode', 'pb', 'amritsar', 'official', 'gurpreetsingh', 'officialbuttar', 'team', 'gopibuttar', 'elantemallchandigarh', 'elantemall']",1,1,https://twitter.com/thetop3best/status/1369637985520656387
22,"Commerce &amp; Cocktails is back with another #vodcast üìπ. 
#hclswlobp #nocode #lowcode #javascript #github #nodejs #cybersecurity #devops #100DaysOfCode #datascience #ai #bot #codenewbie #iot #machinelearning #Python #Serverless #womenintech https://t.co/nwNhXGURXW",PaoloPiccolo7,"['vodcast', 'hclswlobp', 'nocode', 'lowcode', 'javascript', 'github', 'nodejs', 'cybersecurity', 'devops', '100DaysOfCode', 'datascience', 'ai', 'bot', 'codenewbie', 'iot', 'machinelearning', 'Python', 'Serverless', 'womenintech']",8,7,https://twitter.com/PaoloPiccolo7/status/1369637949986533384
23,"How the Cloud Enhances Your Dedicated Server? 

https://t.co/1eeONPRH5B

#webhosting #vpshosting #cloud #CloudComputing #CloudCompu #cloudsecurity #100daysofcloud
#100daysofcodechallenge #100daysofcode #301DaysOfCode #HostingInfo #Hosting https://t.co/DDgwmKGTR6",GeekCrunchR,"['webhosting', 'vpshosting', 'cloud', 'CloudComputing', 'CloudCompu', 'cloudsecurity', '100daysofcloud', '100daysofcodechallenge', '100daysofcode', '301DaysOfCode', 'HostingInfo', 'Hosting']",2,1,https://twitter.com/GeekCrunchR/status/1369637915354095619
24,"Day: 19

Learned about JS Dates, JS Math, JS Random, JS Comparisons &amp; JS Switch(some revisions).

#100DaysOfCode",ddipendrac,['100DaysOfCode'],5,2,https://twitter.com/ddipendrac/status/1369637852426903553
25,"@ShaahYaan777 In This Photo Pepe,Cristiano Ronaldo, 
of #Portugal celebrates with teammates after scoring his team‚Äôs first goal during the 2018 FIFA #WorldCup Russia Round of 16 match between Uruguay and Portugal at Fisht Stadium on June 30, 2018 in Sochi, Russia. #100DaysOfCode #ShaahYaan https://t.co/HgL8xTQUdm",SIsabella34968,"['Portugal', 'WorldCup', '100DaysOfCode', 'ShaahYaan']",5,5,https://twitter.com/SIsabella34968/status/1369637742578196484
26,Success! Just solved Day 7: Regular Expressions I on @HackerRank. Can you complete the challenge? https://t.co/QpKuKvEZWv #programming #100DaysOfCode,lilly_code,"['programming', '100DaysOfCode']",7,2,https://twitter.com/lilly_code/status/1369637721245966339
27,New Live Workshops On Front-End &amp; UX (March‚ÄìJuly 2021) https://t.co/teFamqsnE9 #webdesign #webdev #javascript #css #html #100DaysOfCode #GirlsWhoCode,premitheme,"['webdesign', 'webdev', 'javascript', 'css', 'html', '100DaysOfCode', 'GirlsWhoCode']",5,3,https://twitter.com/premitheme/status/1369637523933310984
28,"Finally, i have been selected as a SysAdmin author at @RedHat. My article just got published over the official RedHat website, have a look.

#100DaysOfCode #DevOps #DevOpsatUPES #developer #RedHat #kshitizsaini113 #linux https://t.co/ibvFFrRu0R",KshitizSaini113,"['100DaysOfCode', 'DevOps', 'DevOpsatUPES', 'developer', 'RedHat', 'kshitizsaini113', 'linux']",4,2,https://twitter.com/KshitizSaini113/status/1369637335680217092
29,"#FEATURED #COURSES
Complete #Python #Developer in 2021: Zero to Mastery
How to become a #Python3 Developer and get hired
Build 12+ projects
learn #Web #Development
#Machine #Learning + more
https://t.co/vRkg9EK8Sw
#CodeNewbies #100DaysOfCode #webdevelopment #WomenWhoCode #online https://t.co/hwBqY0O6nO",byLilyV,"['FEATURED', 'COURSES', 'Python', 'Developer', 'Python3', 'Web', 'Development', 'Machine', 'Learning', 'CodeNewbies', '100DaysOfCode', 'webdevelopment', 'WomenWhoCode', 'online']",13,2,https://twitter.com/byLilyV/status/1369637225814765570
30,Shape Slideshow with Clip-path https://t.co/Jbd7Oz0AzO #webdesign #webdev #designinspiration #100DaysOfCode #GirlsWhoCode #css #js #javascript,premitheme,"['webdesign', 'webdev', 'designinspiration', '100DaysOfCode', 'GirlsWhoCode', 'css', 'js', 'javascript']",7,1,https://twitter.com/premitheme/status/1369637200875450370
31,"#javascript #Germany #Webdesign #100DaysOfCode #codinglife #Australia #Singapore #NewZealand #Rome #WomenWhoCode #Finland #Austria #Sweden #Spain #Prague #China #Adelaide #UAE #Code
Download our FREE #WordPress/ELEMENTOR web themes.Elegant solutions
https://t.co/kBbotYsSnG",wmbbkn,"['javascript', 'Germany', 'Webdesign', '100DaysOfCode', 'codinglife', 'Australia', 'Singapore', 'NewZealand', 'Rome', 'WomenWhoCode', 'Finland', 'Austria', 'Sweden', 'Spain', 'Prague', 'China', 'Adelaide', 'UAE', 'Code', 'WordPress']",4,0,https://twitter.com/wmbbkn/status/1369637160102592519
32,"Sad but true ü•≤

On a side note, how do you cope with such client requirements?ü§î

#DEVCommunity #100DaysOfCode #webdev #developerjobs https://t.co/MzzZPUU4vg",lambdatesting,"['DEVCommunity', '100DaysOfCode', 'webdev', 'developerjobs']",11,3,https://twitter.com/lambdatesting/status/1369637098643333126
33,"""Keep your eyes on the stars, but remember to keep your feet on the ground.""- Theodore Roosevelt #softwareengineer #javascript #python #C++ #golang #nodejs #reactjs #stockopertor #highgrowthstocks $SPX $QQQ $RUT $VIX #canslim #100DaysOfCode",glitchbotio,"['softwareengineer', 'javascript', 'python', 'C', 'golang', 'nodejs', 'reactjs', 'stockopertor', 'highgrowthstocks', 'canslim', '100DaysOfCode']",4,1,https://twitter.com/glitchbotio/status/1369636987544760323
34,"Want to know the way to launch your Jamstack website?

1. Goto https://t.co/7RN4VsM24i
2. Click ""Get started""
3. Select your favorite template
4. Click ""Deploy""

No signup, No subscription, No fee and you are in control of your website.

#100DaysOfCode #DEVCommunity",Stackrole,"['100DaysOfCode', 'DEVCommunity']",3,1,https://twitter.com/Stackrole/status/1369636971534938119
35,Day 36/100 of #100DaysOfCode,Dante_idont,['100DaysOfCode'],5,3,https://twitter.com/Dante_idont/status/1369636961204441090
36,@ahgopi is one of the #supercoder of the day. Good work. #100DaysOfCode #301DaysOfCode,heroes_bot,"['supercoder', '100DaysOfCode', '301DaysOfCode']",4,2,https://twitter.com/heroes_bot/status/1369636884981374976
37,"Buffest Programmer in da game!!
#SQL #javascript #100DaysOfCode https://t.co/FlqJFnvFtQ",Charles92953363,"['SQL', 'javascript', '100DaysOfCode']",8,4,https://twitter.com/Charles92953363/status/1369636827792109568
38,"I want to thank everyone who has contributed to any Cob:web project! Together we can help create technology for the future.

#opensource #FOSS #github #coding #100DaysOfCode #linux #js #html #webdev #programming #osdev #linuxsecurity #mit #cobwebdev",AdamSalt_Dev,"['opensource', 'FOSS', 'github', 'coding', '100DaysOfCode', 'linux', 'js', 'html', 'webdev', 'programming', 'osdev', 'linuxsecurity', 'mit', 'cobwebdev']",9,3,https://twitter.com/AdamSalt_Dev/status/1369636689275195398
39,Creating A Personal Profile Page With Itty.Bitty - https://t.co/71mzwPIaTE   #Developer #node #nodejs #coding #js #angularjs #vuejs #reactjs #100DaysOfCode #webdev #coder #tech #javascript #html #php #womenwhocode #301DaysOfCode,codewallblog,"['Developer', 'node', 'nodejs', 'coding', 'js', 'angularjs', 'vuejs', 'reactjs', '100DaysOfCode', 'webdev', 'coder', 'tech', 'javascript', 'html', 'php', 'womenwhocode', '301DaysOfCode']",8,1,https://twitter.com/codewallblog/status/1369636627539181571
40,"What it‚Äôs like being an indiehacker..

#buildinpublic #100DaysOfCode https://t.co/MhQCYBNSZ4",MamdouhMoemin,"['buildinpublic', '100DaysOfCode']",4,3,https://twitter.com/MamdouhMoemin/status/1369636538422865920
41,"Your free stock is waiting for you! Join #Robinhood and we'll both get a stock like #Apple, Ford, or #Facebook for free. Sign up with my link. 
#StockMarket #stockstowatch #investing #100DaysOfCode #Webull #dogecoin

https://t.co/DczFdboks3",oliameier,"['Robinhood', 'Apple', 'Facebook', 'StockMarket', 'stockstowatch', 'investing', '100DaysOfCode', 'Webull', 'dogecoin']",4,3,https://twitter.com/oliameier/status/1369636350962589699
42,"Trade Stocks, ETF and Options on Webull! Deposit and get 2 free stocks.
#webull #RobinhoodTraders #investing
#StockMarket #100DaysOfCode #freestock #Trending #dogecoin #bitcoin

 https://t.co/5mDplZ7yvJ",shopper_US,"['webull', 'RobinhoodTraders', 'investing', 'StockMarket', '100DaysOfCode', 'freestock', 'Trending', 'dogecoin', 'bitcoin']",4,3,https://twitter.com/shopper_US/status/1369636288958259202
43,Day 3 of #100DaysOfCode completed 4 problems of python on HakerRanks.,mYBoT16543192,['100DaysOfCode'],7,4,https://twitter.com/mYBoT16543192/status/1369636160926982147
44,"What programming language statement do you use the most?

#freeCodeCamp #100DaysOfCode #DEVCommunity #BlackDevelopers #WomenWhoCode #developers #webdevelopers #softwareengineering",ChinguCollabs,"['freeCodeCamp', '100DaysOfCode', 'DEVCommunity', 'BlackDevelopers', 'WomenWhoCode', 'developers', 'webdevelopers', 'softwareengineering']",16,1,https://twitter.com/ChinguCollabs/status/1369636143709446145
45,"#100DaysOfCode #CodeNewbies @DevCommunityIN 
#DEVCommunity 

Any good resources/playlist to master RECURSION? Comment or dm please :)",Amrutha26_,"['100DaysOfCode', 'CodeNewbies', 'DEVCommunity']",3,2,https://twitter.com/Amrutha26_/status/1369636084632625159
46,"#SUCCESS IS A #CHOICE. ‚ù§Ô∏è

üíöYOU CAN'T FORCE A HORSE TO DRINK FROM THE STREAM WHEN THE HORSE IS CLOSE TO THE STREAM.

üíöLIFE IS ALL ABOUT RISK AND IF YOU DON'T TAKE RISK YOU CAN NEVER BE SUCCESSFUL..

#bet365 #kenya #100DaysOfCode  #fixedmatchestips #betting #SouthAfrica https://t.co/kttyEaOBGf",surefixed_odds,"['SUCCESS', 'CHOICE', 'bet365', 'kenya', '100DaysOfCode', 'fixedmatchestips', 'betting', 'SouthAfrica']",4,1,https://twitter.com/surefixed_odds/status/1369635986611843079
47,"Right, let's try this again... 

I have a very sexy new laptop so I'm resuming the #100DaysOfCode challenge! It's been a while, so I'm going to spend today reminding myself of everything I've learned (and forgotten) already and then pick up from Day 19 tomorrow. https://t.co/EPgLHavM9T",AlexJDelaney,['100DaysOfCode'],2,2,https://twitter.com/AlexJDelaney/status/1369635969893359616
48,"When your intention is to fix the bug, but instead it created another bug for you. Like seriously? üòÖ

#webdev 
#100DaysOfCode 
#devProblems",cmgotis,"['webdev', '100DaysOfCode', 'devProblems']",6,1,https://twitter.com/cmgotis/status/1369635641697263618
49,"@FcMutuall @ShabirUg @Erick_kyole01 
erickyole@webvator.com
#erickkyole  #mobileresponsive  #webdesign #website #webdevelopment  #websitedesign #webdeveloper #wordpress #designer #uxdesign  #ecommerce #softwaredeveloper #100daysofcode https://t.co/UmTXUDX4sw",Erick_kyole01,"['erickkyole', 'mobileresponsive', 'webdesign', 'website', 'webdevelopment', 'websitedesign', 'webdeveloper', 'wordpress', 'designer', 'uxdesign', 'ecommerce', 'softwaredeveloper', '100daysofcode']",6,2,https://twitter.com/Erick_kyole01/status/1369635523111903237
50,I just earned the Front End Libraries certification @freeCodeCamp! Check it out here: https://t.co/3RaqU9wTkD  #100DaysOfCode #code https://t.co/zkUKsCXWkq,MagcDev,"['100DaysOfCode', 'code']",4,1,https://twitter.com/MagcDev/status/1369635498763952134
51,"#WFH #Cybersecurity answered here: https://t.co/Sfew6M73iu

 #nocode #lowcode #javascript #github #nodejs #devops #100DaysOfCode #datascience #ai #bot #iot #machinelearning #DEVCommunity #Python #Serverless #womenintech #CX #flutter https://t.co/xOhk2oUnHt",MoZouine,"['WFH', 'Cybersecurity', 'nocode', 'lowcode', 'javascript', 'github', 'nodejs', 'devops', '100DaysOfCode', 'datascience', 'ai', 'bot', 'iot', 'machinelearning', 'DEVCommunity', 'Python', 'Serverless', 'womenintech', 'CX', 'flutter']",17,8,https://twitter.com/MoZouine/status/1369635188536467466
52,"#FEATURED #COURSES
The Complete #Web #Developer in 2021: Zero to Mastery
Skills to apply for jobs like:
#WebDeveloper
#Software
#FrontEnd
#Javascript or #FullStack #Developer
https://t.co/yfofZmTBbf
#CareerDevelopment #CodeNewbies #100DaysOfCode #womenwhocode #webdevelopment https://t.co/m17uVeQxP6",byLilyV,"['FEATURED', 'COURSES', 'Web', 'Developer', 'WebDeveloper', 'Software', 'FrontEnd', 'Javascript', 'FullStack', 'Developer', 'CareerDevelopment', 'CodeNewbies', '100DaysOfCode', 'womenwhocode', 'webdevelopment']",8,6,https://twitter.com/byLilyV/status/1369635158781988864
53,"There are no other Portuguese players in the modern era who can dominate a game,a team, even a league like the highest scoring football warrior from Portugal Cristiano Ronaldo. 
Pepe, Ronaldo,Photos for Bar√ßa Trolls. 
#OBRIGADOPORTO #portugal #100DaysOfCode 
#ShaahYaan #Football https://t.co/AcLcui5FeI",ShaahYaan777,"['OBRIGADOPORTO', 'portugal', '100DaysOfCode', 'ShaahYaan', 'Football']",14,11,https://twitter.com/ShaahYaan777/status/1369635096467243009
54,"Day 62 - Made the backend of my temperature app although there's still some parts I haven't done yet.

#100DaysOfCode https://t.co/eicJfBujPw",jayhara12,['100DaysOfCode'],6,5,https://twitter.com/jayhara12/status/1369634981346041860
55,"@ShabirUg Drop your handles  let‚Äôs follow you üëãüëã
erickyole@webvator.com
#mobileresponsive  #webdesign #website #webdevelopment  #websitedesign #webdeveloper #wordpress #designer #uxdesign  #ecommerce #softwaredeveloper #100daysofcode https://t.co/J6pyVxR5Rp",Erick_kyole01,"['mobileresponsive', 'webdesign', 'website', 'webdevelopment', 'websitedesign', 'webdeveloper', 'wordpress', 'designer', 'uxdesign', 'ecommerce', 'softwaredeveloper', '100daysofcode']",3,2,https://twitter.com/Erick_kyole01/status/1369634826236669952
56,"Cisco is hiring a Junior Full-stack Software Engineer!

Start your application here:
https://t.co/wyeR9cbtjd

#100DaysofCode #python #java #100daysofpython #Techjobs #100daysofcodechallenge #entryleveljobs #jobseekers #internships #amazon #100DaysOfMLCode #tech #jobopportunities",dentry_io,"['100DaysofCode', 'python', 'java', '100daysofpython', 'Techjobs', '100daysofcodechallenge', 'entryleveljobs', 'jobseekers', 'internships', 'amazon', '100DaysOfMLCode', 'tech', 'jobopportunities']",11,4,https://twitter.com/dentry_io/status/1369634814756851721
57,"Ania will be showing how to build a personal website that adapts layout based on the user's screen size.

Highly recommended for beginners in computer science.

#CodeNewbies #100DaysOfCode #html #css #javascript #webdev https://t.co/Jxfs3mxTMv",cse_as,"['CodeNewbies', '100DaysOfCode', 'html', 'css', 'javascript', 'webdev']",4,6,https://twitter.com/cse_as/status/1369634799229399043
58,"Multimodal Neuron in Artificial Neural Network‚ñ∂Ô∏è
#Analytics #BigData #AI #Rstats #Reactjs #MachineLearning #ML #NLP #Linux #DEVCommunity
#Flutter #CloudComputing #Python
#Serverless #IoT #IIoT #Coding #ArtificialIntelligence #Java
#SmartHome #100DaysOfCode
https://t.co/1gCoknjn3h https://t.co/bX3NVl26dI",Analytics_699,"['Analytics', 'BigData', 'AI', 'Rstats', 'Reactjs', 'MachineLearning', 'ML', 'NLP', 'Linux', 'DEVCommunity', 'Flutter', 'CloudComputing', 'Python', 'Serverless', 'IoT', 'IIoT', 'Coding', 'ArtificialIntelligence', 'Java', 'SmartHome', '100DaysOfCode']",28,10,https://twitter.com/Analytics_699/status/1369634356294160385
59,"5G| A Breakthrough in Cellular Networks
https://t.co/mNcxpgMTKN

#MachineLearning #AI #BigData #Rstats #Reactjs #IIoT #IoT #SDWAN #SmartCity #edgecomputing #FutureofWork #Cloud #100DaysOfCode  #technology #tech",TeldatCorp,"['MachineLearning', 'AI', 'BigData', 'Rstats', 'Reactjs', 'IIoT', 'IoT', 'SDWAN', 'SmartCity', 'edgecomputing', 'FutureofWork', 'Cloud', '100DaysOfCode', 'technology', 'tech']",6,2,https://twitter.com/TeldatCorp/status/1369634341744164864
60,"What is a Learning Rate in a Neural Network?

#neuralnetworks #neuralnetwork #deeplearning #machinelearning #keras #tensorflow #python #pytorch #lightning #ignite #datascience #model #100daysofcode #100daysofmlcode

https://t.co/xPuo1RCmPm",MachineCurve,"['neuralnetworks', 'neuralnetwork', 'deeplearning', 'machinelearning', 'keras', 'tensorflow', 'python', 'pytorch', 'lightning', 'ignite', 'datascience', 'model', '100daysofcode', '100daysofmlcode']",19,7,https://twitter.com/MachineCurve/status/1369634303567609862
61,"Good morning, Twitterverse! Time to code! #changethings #100DaysOfCode #CodeNewbie",RukshanUddin,"['changethings', '100DaysOfCode', 'CodeNewbie']",5,1,https://twitter.com/RukshanUddin/status/1369634291068641283
62,"Day 56: studied and practice coding on data relationship on mongo including ref and populate method
#100DaysOfCode #javascript",JoannaMarieDia3,"['100DaysOfCode', 'javascript']",5,7,https://twitter.com/JoannaMarieDia3/status/1369634288065421312
63,"Make friends with your build system. It‚Äôs gonna take a lot of time to realise that the binaries that you‚Äôre running are not the ones you just built ü§£
#SoftwareEngineering #100DaysOfCode",indy_with,"['SoftwareEngineering', '100DaysOfCode']",3,2,https://twitter.com/indy_with/status/1369634278154379264
64,"21 influencers share top tips for 2021 digital marketing

#MachineLearning #Python #RPA #Analytics #AI #100DaysOfCode
#DigitalMarketing #DL #DevOps #IoT #IIoT #Serverless #5G #NLP
#womenintech #cybersecurity #DataScience #WomenWhoCode

https://t.co/zC1mEdu7eW https://t.co/YRGTNtU70U",Paula_Piccard,"['MachineLearning', 'Python', 'RPA', 'Analytics', 'AI', '100DaysOfCode', 'DigitalMarketing', 'DL', 'DevOps', 'IoT', 'IIoT', 'Serverless', '5G', 'NLP', 'womenintech', 'cybersecurity', 'DataScience', 'WomenWhoCode']",14,10,https://twitter.com/Paula_Piccard/status/1369634259175096322
65,"Ansible Essentials with Hands-on Labs
#Ansible #Automation #DevOps #100DaysofCode
-&gt; https://t.co/87H23fCzUc",money_personal,"['Ansible', 'Automation', 'DevOps', '100DaysofCode']",4,1,https://twitter.com/money_personal/status/1369634149036793861
66,"Data Science: Deep Learning in #Python #udemycoupon 

-&gt; https://t.co/G2bqle9Icx

#100DaysOfCode #DataScience #Python #MachineLearning #ARTIFICIALINTELLIGENCE #Statistics #Coding #ReactJS #Linux #Books #BigData #IoT #IIoT #JavaScript #Free #discount #udemy",bukmedianet,"['Python', 'udemycoupon', '100DaysOfCode', 'DataScience', 'Python', 'MachineLearning', 'ARTIFICIALINTELLIGENCE', 'Statistics', 'Coding', 'ReactJS', 'Linux', 'Books', 'BigData', 'IoT', 'IIoT', 'JavaScript', 'Free', 'discount', 'udemy']",20,3,https://twitter.com/bukmedianet/status/1369634148608999429
67,"PHP Unit Testing with PHPUnit - Free Discount -&gt; https://t.co/EXyWrUyDV4

#udemy #coupons #webdevelopment #javascript30 #angular7 #React #PHP #css3 #Nodejs #HTML5 #WordPress #vuejs #Redux #Django #Python #bootstrap4 #MongoDB #100DaysOfCode",CouponsForFree3,"['udemy', 'coupons', 'webdevelopment', 'javascript30', 'angular7', 'React', 'PHP', 'css3', 'Nodejs', 'HTML5', 'WordPress', 'vuejs', 'Redux', 'Django', 'Python', 'bootstrap4', 'MongoDB', '100DaysOfCode']",5,3,https://twitter.com/CouponsForFree3/status/1369634148021805056
68,Day 94 of #100DaysOfCode. Today I coded 46 mins towards my @WakaTime goal of coding 2 hrs per day. https://t.co/ehDD6h7bPH https://t.co/LERvjcGvzK,xuequirk,['100DaysOfCode'],5,3,https://twitter.com/xuequirk/status/1369634143164801026
69,"Node with React: Fullstack Web Development 
Average Rating 4.6/5‚≠ê from over 10,000 students! 
Build and deploy fullstack web apps with NodeJS, React, Redux, Express, and MongoDB.! 
 
üëâ https://t.co/rmf5VjPI82 
 
#javascript #100DaysOfCode #sponsored https://t.co/NDxbFclyBG",DanEnglishby,"['javascript', '100DaysOfCode', 'sponsored']",5,1,https://twitter.com/DanEnglishby/status/1369634143127154690
70,"Its really true,  I didn't sharp but now sharpening.

#100DaysOfCode  #javascript https://t.co/qGnAKU7kya",eavnitech,"['100DaysOfCode', 'javascript']",6,4,https://twitter.com/eavnitech/status/1369633956686012417
71,"How prepared are we for the surreal experience AI never fails to give us every day? 

#ArtificialIntelligence  #MachineLearning  #DeepLearning  #technology  #DigitalTransformation  #Artiba #myheritage #DigitalArtist #100DaysOfCode https://t.co/2tJHs0iI0q",ARTIBA_Insights,"['ArtificialIntelligence', 'MachineLearning', 'DeepLearning', 'technology', 'DigitalTransformation', 'Artiba', 'myheritage', 'DigitalArtist', '100DaysOfCode']",7,2,https://twitter.com/ARTIBA_Insights/status/1369633861508820993
72,Top 2021 Productivity Apps https://t.co/jGWqNHd9w6 #100DaysOfCode,andrewbaisden,['100DaysOfCode'],3,1,https://twitter.com/andrewbaisden/status/1369633847952900099
73,"I've always had trouble understanding how event loops worked, although I watched dozens of videos. 

Many thanks to @jaffathecake  for explaining it in detail. This is how I like to learn, gotta watch it again to make it sticküòÖ
#100DaysOfCode #javascript

https://t.co/k4cx4kx4Rd",_amyourdaddy,"['100DaysOfCode', 'javascript']",4,3,https://twitter.com/_amyourdaddy/status/1369633836003332106
74,Watch AWS  HTML5 Form Database Connectivity Part  3 &amp; Win #Microsoft Certification. Join AWS Solution Architect Associate here: https://t.co/MQAMtoXTGR https://t.co/bFnideUrvV #100DaysOfCode #WisdomWednesday #tbt #ff #influencermarketing #win #contest #giveaway #aws,Hackveda,"['Microsoft', '100DaysOfCode', 'WisdomWednesday', 'tbt', 'ff', 'influencermarketing', 'win', 'contest', 'giveaway', 'aws']",2,2,https://twitter.com/Hackveda/status/1369633559665778690
75,"I've just stared to learn React!

What a magic! ‚ú®

#programming #javascript #react #coding #100DaysOfCode",czechdev,"['programming', 'javascript', 'react', 'coding', '100DaysOfCode']",4,1,https://twitter.com/czechdev/status/1369633455957499904
76,"#FEATURED #COURSES

Machine Learning, Data Science and Deep Learning with Python

Complete hands-on #machine #learning tutorial with #data #science, #Tensorflow, #artificial #intelligence, and neural networks

https://t.co/PaHDf4fIL2

#python #100daysofcode #coding #udemy https://t.co/vxecOJRPXa",byLilyV,"['FEATURED', 'COURSES', 'machine', 'learning', 'data', 'science', 'Tensorflow', 'artificial', 'intelligence', 'python', '100daysofcode', 'coding', 'udemy']",9,2,https://twitter.com/byLilyV/status/1369633385463881733
77,"Flexbox Playing Pallete üü¢‚ö´Ô∏èüî¥üü£üü°
Link: https://t.co/K3c3yFVG7h
#100DaysOfCode #WomenWhoCode #womenintech https://t.co/BrSgdrjXTD",NanouuSymeon,"['100DaysOfCode', 'WomenWhoCode', 'womenintech']",10,21,https://twitter.com/NanouuSymeon/status/1369633385124012032
78,The best method for accelerating a computer is the one that boosts it by 9.8 m/s2. -Anonymous #javascript #python #softwareengineer #dataengineer #nodejs #reactjs #100DaysOfCode https://t.co/gWUZXxaYxH,glitchbotio,"['javascript', 'python', 'softwareengineer', 'dataengineer', 'nodejs', 'reactjs', '100DaysOfCode']",5,2,https://twitter.com/glitchbotio/status/1369633337577455616
79,Success! Just solved Day 2: Loops on @HackerRank. Can you complete the challenge? https://t.co/fLqxxlv6ij #programming #100DaysOfCode,lilly_code,"['programming', '100DaysOfCode']",12,3,https://twitter.com/lilly_code/status/1369633305298108416
80,"A student who became a full time software developer for....wait for it...ZTM. This is her amazing journey from self taught to hired!

That pretty https://t.co/IJKmhy8ka9 website? She is one of the people developing it behind the scenes üöÄ

https://t.co/j7LX8ULO7x #100DaysOfCode",AndreiNeagoie,['100DaysOfCode'],14,31,https://twitter.com/AndreiNeagoie/status/1369633184812572680
81,"Can anyone help? I'm really struggling at the minute. @DMBfangrl76 Is there #Resisters who can help?

#mentalhealth #MentalHealthAwareness #bipolardisorder #Linux #Apple #100DaysOfCode https://t.co/YyeYzXEcil",DrEvilEngineer,"['Resisters', 'mentalhealth', 'MentalHealthAwareness', 'bipolardisorder', 'Linux', 'Apple', '100DaysOfCode']",2,2,https://twitter.com/DrEvilEngineer/status/1369633176734363653
82,"@flutter_exp Here is mine! Waiting for new milestone ‚ù§Ô∏è

#Stackoverflow #100DaysOfCode https://t.co/mySB12mVt6",pratik13butani,"['Stackoverflow', '100DaysOfCode']",2,3,https://twitter.com/pratik13butani/status/1369633057762766859
83,"JavaScript Interview Question #43: Difference between Object.toString() and Array.toString(). What's the output?

#100daysofcode #codenewbie #freecodecamp #html #css https://t.co/l0O0PZWyQ0",coderslang,"['100daysofcode', 'codenewbie', 'freecodecamp', 'html', 'css']",5,4,https://twitter.com/coderslang/status/1369632984656207875
84,"updating my github today, did some more python programming - hurts my brain xD #100daysofcode #coding #programming #fullstackdeveloper #codingnewbies #python #pythonprogramming https://t.co/chZof7BVKN",carlobisda,"['100daysofcode', 'coding', 'programming', 'fullstackdeveloper', 'codingnewbies', 'python', 'pythonprogramming']",5,2,https://twitter.com/carlobisda/status/1369632980197662720
85,"[
DAY258 08.03
DAY259 09.03
]

1) reading various articles (https://t.co/KHUy11sobT)
2) Fullstack Bulletin #10
3) [best of https://t.co/IgN3V3HqAr] Learning to build conviction

#100DaysOfCode",cvekaso,['100DaysOfCode'],3,2,https://twitter.com/cvekaso/status/1369632854737555458
86,"Day 54. got it
Day 55. more

Today's content: HTML &amp; URL Parsing in Flask and the Higher Lower Game

#100DaysOfCode #Python",0merBingul,"['100DaysOfCode', 'Python']",4,3,https://twitter.com/0merBingul/status/1369632618749255690
87,Watch AWS  HTML5 Form Database Connectivity Part  2 &amp; Win #Microsoft Certification. Join AWS Solution Architect Associate here: https://t.co/MQAMtoXTGR https://t.co/X7yv5EPwTF #100DaysOfCode #WisdomWednesday #tbt #ff #influencermarketing #win #contest #giveaway #aws,Hackveda,"['Microsoft', '100DaysOfCode', 'WisdomWednesday', 'tbt', 'ff', 'influencermarketing', 'win', 'contest', 'giveaway', 'aws']",4,2,https://twitter.com/Hackveda/status/1369632270546395140
88,"""A man who dares to waste one hour of time has not discovered the value of life.""- Charles Darwin #softwareengineer #javascript #python #C++ #golang #nodejs #reactjs #stockopertor #highgrowthstocks $SPX $QQQ $RUT $VIX #canslim #100DaysOfCode",glitchbotio,"['softwareengineer', 'javascript', 'python', 'C', 'golang', 'nodejs', 'reactjs', 'stockopertor', 'highgrowthstocks', 'canslim', '100DaysOfCode']",3,2,https://twitter.com/glitchbotio/status/1369631981735141383
89,"If you are using vs-code and coding in jsx and your emmet is not working try adding this to your settings.json I hope it helps.üôÇ 

#javascript #webdevelopers #Developers #programming #programmers #Backend #webdevelopment #Twitter #coder #Coding #CodeNewbies  #100DaysOfCode #code https://t.co/efS3eFrQ7J",IftekhS,"['javascript', 'webdevelopers', 'Developers', 'programming', 'programmers', 'Backend', 'webdevelopment', 'Twitter', 'coder', 'Coding', 'CodeNewbies', '100DaysOfCode', 'code']",5,2,https://twitter.com/IftekhS/status/1369631961006837761
90,Day 2 of #100DaysOfCode I completed basic CSS on #freeCodeCamp https://t.co/9J2OLKyTAp,blakcoder,"['100DaysOfCode', 'freeCodeCamp']",10,5,https://twitter.com/blakcoder/status/1369631833667891200
91,"#FEATURED #COURSES

The Complete #SQL #Bootcamp 2021: Go from Zero to Hero

Become an expert at SQL!

https://t.co/TiCN4JlBSm

#coding #softwaredevelopment  #100DaysOfCode #online #CodeNewbies https://t.co/HJ8HtsMW4i",byLilyV,"['FEATURED', 'COURSES', 'SQL', 'Bootcamp', 'coding', 'softwaredevelopment', '100DaysOfCode', 'online', 'CodeNewbies']",3,0,https://twitter.com/byLilyV/status/1369631361905135616
92,"Day 69 - completed 

Today‚Äôs challenge was hard. At glance it seemed not that hard. As I started tackling the challenges, each one of them was getting difficult to passüòÖ
Overall it was interesting challenge.

#100DaysOfCode",4kino,['100DaysOfCode'],8,3,https://twitter.com/4kino/status/1369631352681766924
93,"git switch branch ‚Äì Easily checkout git branches with this new command
https://t.co/lmJOHLyZP3
#javascript #github #nodejs #devops #100DaysOfCode #ai  #machinelearning #webdev #CSS #Git #programming #SoftwareDeveloper #DEVCommunity #React",Bluecastech,"['javascript', 'github', 'nodejs', 'devops', '100DaysOfCode', 'ai', 'machinelearning', 'webdev', 'CSS', 'Git', 'programming', 'SoftwareDeveloper', 'DEVCommunity', 'React']",11,4,https://twitter.com/Bluecastech/status/1369631190014066689
94,Watch AWS  HTML5 Form Database Connectivity Part  1 &amp; Win #Microsoft Certification. Join AWS Solution Architect Associate here: https://t.co/MQAMtoXTGR https://t.co/qyY0wh3ZpE #100DaysOfCode #WisdomWednesday #tbt #ff #influencermarketing #win #contest #giveaway #aws,Hackveda,"['Microsoft', '100DaysOfCode', 'WisdomWednesday', 'tbt', 'ff', 'influencermarketing', 'win', 'contest', 'giveaway', 'aws']",2,2,https://twitter.com/Hackveda/status/1369630987655606273
95,"3 days later update for those interested!

üíå: +64 Newsletter Susbcribers and counting. (114 total)
üë®üèª‚Äçüíª: +10 Twitter Followers and counting.
üì™: 33% Open Rate for first email sent out!
‚¨áÔ∏è: 51% CTR!

#buildinpublic #100DaysOfCode #indiehacker #IH https://t.co/47G3Uw6LL5",MamdouhMoemin,"['buildinpublic', '100DaysOfCode', 'indiehacker', 'IH']",4,2,https://twitter.com/MamdouhMoemin/status/1369630856776736779
96,"Introduction to cloud computing 

Link - https://t.co/8qzGsBdkkW

#100DaysOfCode #CodeNewbies #WomenWhoCode #DEVCommunity #DevOps #CloudComputing #BigData #IoT #softwareengineering #internet #programming https://t.co/H7EIeHIUul",rasangarocks,"['100DaysOfCode', 'CodeNewbies', 'WomenWhoCode', 'DEVCommunity', 'DevOps', 'CloudComputing', 'BigData', 'IoT', 'softwareengineering', 'internet', 'programming']",8,1,https://twitter.com/rasangarocks/status/1369630617206366211
97,"@GMB @susannareid100 Katie Hopkins will be taking #PiersMorgan's place on #GMB, just so you know..

Ref: #KatieHopkins #BringBackPiers #ITV #Amazon #Microsoft #Google #Apple #MachineLearning #100DaysOfCode #Facebook #Oprah #AI #SusannaReid #MeghanandHarryonOprah #MeganMarkle #JK",kickstartscheme,"['PiersMorgan', 'GMB', 'KatieHopkins', 'BringBackPiers', 'ITV', 'Amazon', 'Microsoft', 'Google', 'Apple', 'MachineLearning', '100DaysOfCode', 'Facebook', 'Oprah', 'AI', 'SusannaReid', 'MeghanandHarryonOprah', 'MeganMarkle', 'JK']",8,1,https://twitter.com/kickstartscheme/status/1369630479012540418
98,"The 10 most innovative companies in data science

#AI #MachineLearning #100DaysOfCode #DEVCommunity
https://t.co/8OS5avq4LX https://t.co/etMCyfaN3N",LaForge_AI,"['AI', 'MachineLearning', '100DaysOfCode', 'DEVCommunity']",9,3,https://twitter.com/LaForge_AI/status/1369630378126946308
99,"#CodeNewbies #WomenWhoCode #100DaysOfCode #NodeJS #javascript #webdevelopment #GirlsWhoCode #Spain #Cyprus #Singapore #Thailand #Canada #India #Australia #NewZealand #Japan
We provide WordPress,#Elementor PRO and FREE web Themes. Mint creativity. Visit
https://t.co/oT6uP3AyHg https://t.co/4h6DrFUpeF",nbtechnologies2,"['CodeNewbies', 'WomenWhoCode', '100DaysOfCode', 'NodeJS', 'javascript', 'webdevelopment', 'GirlsWhoCode', 'Spain', 'Cyprus', 'Singapore', 'Thailand', 'Canada', 'India', 'Australia', 'NewZealand', 'Japan', 'Elementor']",10,6,https://twitter.com/nbtechnologies2/status/1369630365212700674
