,Tweet Content,User Name,HashTags,Retweet Count,Favourite Count,URL
0,"( PDF) Market Modeling , Forecasting and Risk Analysis with Historical Consistent #NeuralNetwork  https://t.co/qsLneArksY H/T: @ephorie",saqibali_ca,['NeuralNetwork'],0,0,https://twitter.com/saqibali_ca/status/1371441206018727940
1,Which #NeuralNetwork architecture yields best results in #ECG analysis? Thanks @GTCSE @PKU1898 @IQVIA_Institute @Illinois_Alma for a great review. https://t.co/OSkPlScwFR #DataScience #DeepLearning #phd #research #AcademicTwitter #AcademicChatter,AcaResCon,"['NeuralNetwork', 'ECG', 'DataScience', 'DeepLearning', 'phd', 'research', 'AcademicTwitter', 'AcademicChatter']",0,1,https://twitter.com/AcaResCon/status/1371439542490775553
2,"Learnable Companding Quantization for Accurate Low-bit Neural Networks
https://t.co/pYHjN59KUZ
by @KoheiYamamoto
#ImageNet #NeuralNetwork",arXiv_Daily,"['ImageNet', 'NeuralNetwork']",1,1,https://twitter.com/arXiv_Daily/status/1371433024005365768
3,"Thinkin' o building an #Ai Network?

https://t.co/OfJmRXTAvq
Naitwork .com

BRAND FOR SALE. BUY IT NOW!
Price: 5 #Bitcoin 

#ArtificialIntelligence #VR #AR #EV #Network #deeplearning #communication #tech #startup #ElectricVehicles #domainforsale #domaining #Godaddy #NeuralNetwork https://t.co/NVmBVIrXZs",Domenclature,"['Ai', 'Bitcoin', 'ArtificialIntelligence', 'VR', 'AR', 'EV', 'Network', 'deeplearning', 'communication', 'tech', 'startup', 'ElectricVehicles', 'domainforsale', 'domaining', 'Godaddy', 'NeuralNetwork']",2,1,https://twitter.com/Domenclature/status/1371410901534875653
4,"Getting started with #GitLab: #MachineLearning 
#ArtificialIntelligence #DeepLearning #DataScience #javascript #serverless #WomenInTech #100DaysOfCode #python #Linux #Flutter #TensorFlow #PyTorch #DigitalTransformation #IoT #NeuralNetwork #AR #VR #XR #MR #FutureOfWork https://t.co/eqjq7Dondi",JourneyHeroTech,"['GitLab', 'MachineLearning', 'ArtificialIntelligence', 'DeepLearning', 'DataScience', 'javascript', 'serverless', 'WomenInTech', '100DaysOfCode', 'python', 'Linux', 'Flutter', 'TensorFlow', 'PyTorch', 'DigitalTransformation', 'IoT', 'NeuralNetwork', 'AR', 'VR', 'XR', 'MR', 'FutureOfWork']",30,8,https://twitter.com/JourneyHeroTech/status/1371404714311573504
5,"Deep Sensing of Urban Waterlogging
https://t.co/5PZJS4CE9y
by Shi-Wei Lo
#NeuralNetwork #ComputerVision",arXiv_Daily,"['NeuralNetwork', 'ComputerVision']",3,4,https://twitter.com/arXiv_Daily/status/1371402818666459136
6,"Man with brain implant on Musk‚Äôs Neuralink: ‚ÄúI would play video games‚Äù #MIT #AI #NeuralNetwork

@diioannid @Ym78200 @jblefevre60 @mvollmer1 @Fabriziobustama @YuHelenYu
@BetaMoroney @Victoryabro @kalydeoo
@KeithKeller @dez_blanchfield https://t.co/3gEd61A7NJ",richardkimphd,"['MIT', 'AI', 'NeuralNetwork']",6,7,https://twitter.com/richardkimphd/status/1371392431485116417
7,Building a Neural Network From Scratch Using Python (Part 1) https://t.co/eSFp287hWC  #NeuralNetwork,machinelearnflx,['NeuralNetwork'],4,10,https://twitter.com/machinelearnflx/status/1371391819175628802
8,"The result is an #AI platform that holds a number of advantages over traditional #NeuralNetwork based systems.
#ArtificialIntelligence #DecisionMaking #MetaData #Algorithms #MachineLearning #ML #HumanBrain #ComputerScience #Database 
https://t.co/EScWLl0czE
by @ELETimes",SciphicsTech,"['AI', 'NeuralNetwork', 'ArtificialIntelligence', 'DecisionMaking', 'MetaData', 'Algorithms', 'MachineLearning', 'ML', 'HumanBrain', 'ComputerScience', 'Database']",4,1,https://twitter.com/SciphicsTech/status/1371388018653765640
9,"The result is an #AI platform that holds a number of advantages over traditional #NeuralNetwork based systems.
#ArtificialIntelligence #DecisionMaking #MetaData #Algorithms #MachineLearning #ML #HumanBrain #ComputerScience #Database 
https://t.co/JdE2iw0L5s
by @ELETimes",HubPrefer,"['AI', 'NeuralNetwork', 'ArtificialIntelligence', 'DecisionMaking', 'MetaData', 'Algorithms', 'MachineLearning', 'ML', 'HumanBrain', 'ComputerScience', 'Database']",0,1,https://twitter.com/HubPrefer/status/1371381572415283202
10,"Fast Interactive Video Object Segmentation with Graph Neural Networks
https://t.co/5UihEnVo6N
by Viktor Varga et al.
#NeuralNetwork #ComputerVision",Deep__AI,"['NeuralNetwork', 'ComputerVision']",3,6,https://twitter.com/Deep__AI/status/1371356485653983233
11,"Self-Attentive Spatial Adaptive Normalization for Cross-Modality Domain Adaptation
https://t.co/6sLc5tUnLw
by Devavrat Tomar et al.
#NeuralNetwork #ComputerVision",arXiv_Daily,"['NeuralNetwork', 'ComputerVision']",2,6,https://twitter.com/arXiv_Daily/status/1371342473121857537
12,"Continual Semantic Segmentation via Repulsion-Attraction of Sparse and Disentangled Latent Representations
https://t.co/DajJjBkgcG
by Umberto Michieli et al.
#NeuralNetwork #ComputerScience",arXiv_Daily,"['NeuralNetwork', 'ComputerScience']",2,4,https://twitter.com/arXiv_Daily/status/1371312228025004039
13,"Good Explanation of üëáüèæ

#Model #Explainability vs Model #Interpretability

-&gt; https://t.co/W20lHjVBWg

#BlackBox
#Hidden / #Intermediate #Layer
#Parameter
#Cause &amp; #Effect
#Reproducibility
#MachineLearning
#ML
#DeepLearning
#DL
#NeuralNetwork
#Occlusion
#Feature #Visualization",MDJDPathology,"['Model', 'Explainability', 'Interpretability', 'BlackBox', 'Hidden', 'Intermediate', 'Layer', 'Parameter', 'Cause', 'Effect', 'Reproducibility', 'MachineLearning', 'ML', 'DeepLearning', 'DL', 'NeuralNetwork', 'Occlusion', 'Feature', 'Visualization']",0,1,https://twitter.com/MDJDPathology/status/1371307728380043271
14,"""We teach popular #Neuralnetwork like #DeepConvolutionalNetwork DCM, #SupportVectorMachine SVM and #LongTermShortTermMemory LSTM! #DeepLearning in a Day!"" Contact us from our website for more details.
 Great cheat sheet created by Fjodor Van Veen. https://t.co/a8o5asarvs https://t.co/tC8pNujVog",AustraliaAi,"['Neuralnetwork', 'DeepConvolutionalNetwork', 'SupportVectorMachine', 'LongTermShortTermMemory', 'DeepLearning']",0,1,https://twitter.com/AustraliaAi/status/1371299762129997826
15,"A quick #NeuralNetwork in #Python to predict #Google stock performance.  We leveraged ticker data to help build and test a #RealTime customer algorithm for #ProcessEngineering control.... too bad our prediction doesn't work 5 days outüòÄ
#MachineLearning #Kaggle #Engineering #IoT https://t.co/1dnROng8mL",aimfgs,"['NeuralNetwork', 'Python', 'Google', 'RealTime', 'ProcessEngineering', 'MachineLearning', 'Kaggle', 'Engineering', 'IoT']",4,2,https://twitter.com/aimfgs/status/1371269425291214858
16,"Interesting Challenge for Data Scientists with $4000 in prizes. The task of this challenge is to read the paper and independently implement GATE Algorithm, using the dataset given in this challenge. Register here:  #python #Java #C++ #NeuralNetwork https://t.co/RJCMmZLHsH https://t.co/dOjOySIIgD",Topcoder,"['python', 'Java', 'C', 'NeuralNetwork']",1,2,https://twitter.com/Topcoder/status/1371265665621975042
17,NVIDIA DIGITS: https://t.co/RalARSPRkc | Design custom deep neural network using real-time visualization | #aitrainingsession #aitrainingsessions #neuralnetwork #machinelearningprject #networkresponse #neuralnetworkresponse #dataviz #datavisualization #imageclassification,cudaeducation,"['aitrainingsession', 'aitrainingsessions', 'neuralnetwork', 'machinelearningprject', 'networkresponse', 'neuralnetworkresponse', 'dataviz', 'datavisualization', 'imageclassification']",0,0,https://twitter.com/cudaeducation/status/1371238962531078148
18,"Holistic 3D Scene Understanding from a Single Image with Implicit Representation
https://t.co/jMAAUOA2nS
by Cheng Zhang et al.
#Statistics #NeuralNetwork",arXiv_Daily,"['Statistics', 'NeuralNetwork']",8,19,https://twitter.com/arXiv_Daily/status/1371236739298193412
19,"T-SCI: A Two-Stage Conformal Inference Algorithm with Guaranteed Coverage for Cox-MLP
https://t.co/arkEFh1aJG
by Jiaye Teng et al.
#NeuralNetwork #Quantile",Deep__AI,"['NeuralNetwork', 'Quantile']",2,6,https://twitter.com/Deep__AI/status/1371235713253920770
20,"Delighted to have finished an interview with Prof. 
@tommmitchell about conversational learning, Biological #neuralnetwork vs. Artificial neural networks, etc:

post: https://t.co/D2Gaaexn1V
Youtube: https://t.co/CBqriT4x11

#MachineLearning #DeepLearning #AI",MLDawn2018,"['neuralnetwork', 'MachineLearning', 'DeepLearning', 'AI']",2,1,https://twitter.com/MLDawn2018/status/1371212139063603210
21,"Deep Gradient Projection Networks for Pan-sharpening
https://t.co/Xit6eOGgii
by Shuang Xu et al.
#DeepLearning #NeuralNetwork",arXiv_Daily,"['DeepLearning', 'NeuralNetwork']",3,12,https://twitter.com/arXiv_Daily/status/1371206672329232390
22,"NVIDIA DIGITS: https://t.co/RalARSPRkc | If you are using multiple NVIDIA GPUs for your machine learning projects, then you might want to consider using NVIDIA DIGITS software as it helps you to manage the deep learning process. | #neuralnetwork #neuralnetworks #deeplearning",cudaeducation,"['neuralnetwork', 'neuralnetworks', 'deeplearning']",0,1,https://twitter.com/cudaeducation/status/1371204966040342531
23,"Snapshot Compressive Imaging: Principle, Implementation, Theory, Algorithms and Applications
https://t.co/GMIYLFxpKo
by Xin Yuan et al.
#DeepLearning #NeuralNetwork",arXiv_Daily,"['DeepLearning', 'NeuralNetwork']",6,12,https://twitter.com/arXiv_Daily/status/1371193563455709188
24,"End-to-end optimized image compression for multiple machine tasks
https://t.co/n3WqXPv9wZ
by Lahiru D. Chamain et al.
#ComputerVision #NeuralNetwork",Deep__AI,"['ComputerVision', 'NeuralNetwork']",9,16,https://twitter.com/Deep__AI/status/1371175382477508616
25,Graph Neural Networks (GNN) using Pytorch Geometric | Stanford University #neuralnetwork üëè https://t.co/zUciibpWL8,native_stack,['neuralnetwork'],0,0,https://twitter.com/native_stack/status/1371166089569132548
26,"#genesis OBJKT is minted at @hicetnunc2000 on #Tezos #PoS #blockchain - Thanks @rustysniper1 for initial $KTZ ! Thanks @polyannie01 for letting me turn yer skin to alienflesh and then an #NFT! #NFTart #AI #deepstyle #neuralnetwork #generativeart #photoshop
https://t.co/IS3kPyeCih https://t.co/v0zRabUzwA",alien3y3,"['genesis', 'Tezos', 'PoS', 'blockchain', 'NFT', 'NFTart', 'AI', 'deepstyle', 'neuralnetwork', 'generativeart', 'photoshop']",5,9,https://twitter.com/alien3y3/status/1371161361200214017
27,"DONeRF: Towards Real-Time Rendering of Neural Radiance Fields using Depth Oracle Networks
https://t.co/RyhktTAkG0
by Thomas Neff et al.
#Statistics #NeuralNetwork",arXiv_Daily,"['Statistics', 'NeuralNetwork']",6,8,https://twitter.com/arXiv_Daily/status/1371161318049292288
28,"#ICYMI New #AI tool diagnoses #COVID19 by the sound of your coughs ‚¨áÔ∏è #MachineLearning 
#ArtificialIntelligence #DeepLearning #DataScience #javascript #serverless #WomenInTech #100DaysOfCode #python #Linux #Flutter #TensorFlow #PyTorch #DigitalTransformation #IoT #NeuralNetwork https://t.co/PVgPqjndv2",JourneyHeroTech,"['ICYMI', 'AI', 'COVID19', 'MachineLearning', 'ArtificialIntelligence', 'DeepLearning', 'DataScience', 'javascript', 'serverless', 'WomenInTech', '100DaysOfCode', 'python', 'Linux', 'Flutter', 'TensorFlow', 'PyTorch', 'DigitalTransformation', 'IoT', 'NeuralNetwork']",33,17,https://twitter.com/JourneyHeroTech/status/1371143838731997188
29,"Deep Learning Algorithms you should have to know about it.

#DeepLearning #deeplearningalgorithms #deeplearnings #neuralnetwork https://t.co/kVCNZCCa2U",AnalyticsSteps,"['DeepLearning', 'deeplearningalgorithms', 'deeplearnings', 'neuralnetwork']",0,2,https://twitter.com/AnalyticsSteps/status/1371113782043308035
30,"The latest #ML research from @Google:
+Understanding Generalization in Deep Learning
+Adversarial Environment Generation 
+More research, cool #AI #Tech &amp; #Money in AI
https://t.co/nicTqOD1wz
#research #data #Google #DeepLearning #NeuralNetwork #free",TheSequenceAI,"['ML', 'AI', 'Tech', 'Money', 'research', 'data', 'Google', 'DeepLearning', 'NeuralNetwork', 'free']",2,4,https://twitter.com/TheSequenceAI/status/1371096777852600324
31,"MLP for regression with TensorFlow 2 and Keras

https://t.co/JGoKWOwdFk

#neuralnetworks #neuralnetwork #deeplearning #machinelearning #keras #tensorflow #python #pytorch #lightning #ignite #datascience #model #100daysofcode #100daysofmlcode",MachineCurve,"['neuralnetworks', 'neuralnetwork', 'deeplearning', 'machinelearning', 'keras', 'tensorflow', 'python', 'pytorch', 'lightning', 'ignite', 'datascience', 'model', '100daysofcode', '100daysofmlcode']",32,19,https://twitter.com/MachineCurve/status/1371083694182649861
32,Learn about Generalized Delta Rule https://t.co/GFOIy7us7X #NeuralNetwork #GeneralizedDeltaRule,Deep__AI,"['NeuralNetwork', 'GeneralizedDeltaRule']",18,48,https://twitter.com/Deep__AI/status/1371039410582560776
33,"How #NeuralNetwork recognise a pic

#MachineLearning #DataScientists #AI #ArtificialIntelligence #DataScience #DeepLearning https://t.co/lzQZbYhw2g",sidsharma1990,"['NeuralNetwork', 'MachineLearning', 'DataScientists', 'AI', 'ArtificialIntelligence', 'DataScience', 'DeepLearning']",3,1,https://twitter.com/sidsharma1990/status/1371032517734658054
34,"Learning a Domain-Agnostic Visual Representation for Autonomous Driving via Contrastive Loss
https://t.co/2193BWtuhY
by Dongseok Shim et al.
#Statistics #NeuralNetwork",arXiv_Daily,"['Statistics', 'NeuralNetwork']",2,7,https://twitter.com/arXiv_Daily/status/1371025403687542786
35,"What Are Deepfakes And Applications of Deepfake Technology?

https://t.co/lfwXsFnHkJ

#deepfakes #tech #technology #machinelearning #ArtificialIntelligence #NeuralNetwork #applicationsofdeepfake #ai",GlobaltechO,"['deepfakes', 'tech', 'technology', 'machinelearning', 'ArtificialIntelligence', 'NeuralNetwork', 'applicationsofdeepfake', 'ai']",3,0,https://twitter.com/GlobaltechO/status/1371022040962977792
36,"Decision Trees in Machine Learning (ML) with Python Tutorial ‚Üí https://t.co/YWB9qe4rNy

#decisiontrees #deeplearning #neuralnetwork #neuralnetworks #cnn #machinelearning #ml #ai #ia #programming #python #100daysofcode #coding #cloudcomputing #math #mathematics #neuralnets v‚Ä¶",arXiv__ml,"['decisiontrees', 'deeplearning', 'neuralnetwork', 'neuralnetworks', 'cnn', 'machinelearning', 'ml', 'ai', 'ia', 'programming', 'python', '100daysofcode', 'coding', 'cloudcomputing', 'math', 'mathematics', 'neuralnets']",21,7,https://twitter.com/arXiv__ml/status/1371020441419145218
37,"Understanding the Amazon Rainforest with  Multi-Label Classification + VGG-19, Inceptionv3‚Ä¶ - https://t.co/lDakvItvUQ - thanks @RichardEudes #DataScience #DS,#BigData,#DataEngineering,#DataGovernance,#DataManagement,#DataQuality,#DeepLearning,#MachineLearning,#NeuralNetwork‚Ä¶",DataScientistsF,"['DataScience', 'DS', 'BigData', 'DataEngineering', 'DataGovernance', 'DataManagement', 'DataQuality', 'DeepLearning', 'MachineLearning', 'NeuralNetwork']",1,1,https://twitter.com/DataScientistsF/status/1371016350030835718
38,"Understanding the Amazon Rainforest with  Multi-Label Classification + VGG-19, Inceptionv3‚Ä¶ - https://t.co/ajyksJF5T8 - thanks @RichardEudes #DataScience #DS,#BigData,#DataEngineering,#DataGovernance,#DataManagement,#DataQuality,#DeepLearning,#MachineLearning,#NeuralNetwork‚Ä¶",BigData_Fr,"['DataScience', 'DS', 'BigData', 'DataEngineering', 'DataGovernance', 'DataManagement', 'DataQuality', 'DeepLearning', 'MachineLearning', 'NeuralNetwork']",5,2,https://twitter.com/BigData_Fr/status/1371010640006033408
39,"Limitations of Post-Hoc Feature Alignment for Robustness
https://t.co/LALBBkNI66
by Collin Burns et al.
#NeuralNetwork #BatchNormalization",arXiv_Daily,"['NeuralNetwork', 'BatchNormalization']",1,2,https://twitter.com/arXiv_Daily/status/1371010284265951234
40,"""We teach popular #Neuralnetwork like #DeepConvolutionalNetwork DCM, #SupportVectorMachine SVM and #LongTermShortTermMemory LSTM! #DeepLearning in a Day!"" Contact us from our website for more details.
 Great cheat sheet created by Fjodor Van Veen. https://t.co/a8o5asarvs",AustraliaAi,"['Neuralnetwork', 'DeepConvolutionalNetwork', 'SupportVectorMachine', 'LongTermShortTermMemory', 'DeepLearning']",0,1,https://twitter.com/AustraliaAi/status/1370946679847972867
41,"Instabilities of Offline RL with Pre-Trained Neural Representation
https://t.co/1syHMg6nAA
by Ruosong Wang et al.
#NeuralNetwork #ReinforcementLearning",Deep__AI,"['NeuralNetwork', 'ReinforcementLearning']",2,9,https://twitter.com/Deep__AI/status/1370933770937716739
42,"#mdpienergies #energiesfeaturepaper Article
Combined Multi-Layer Feature Fusion and Edge Detection Method for Distributed #Photovoltaic #Power Station Identification 
üëâhttps://t.co/SdTfmDJTly
#remotesensingimages
#neuralnetwork
üí°More related articles: https://t.co/RR6taxM5ab https://t.co/Znk9aE9B1S",energies_mdpi,"['mdpienergies', 'energiesfeaturepaper', 'Photovoltaic', 'Power', 'remotesensingimages', 'neuralnetwork']",0,0,https://twitter.com/energies_mdpi/status/1370932793837039619
43,"Neural Processes Explained

#nerdstuff #AI #neuralnetwork #machinelearning @ipfconline1 @MikeQuindazzi @Julez_Norton @AntonioSelas @ImMBM @jblefevre60 @SpirosMargaris @MariaFariello1 

https://t.co/8os8sMIMxv https://t.co/bSc4i8NVD5",andi_staub,"['nerdstuff', 'AI', 'neuralnetwork', 'machinelearning']",7,14,https://twitter.com/andi_staub/status/1370930694759841792
44,"3/ At its peak, MCC housed over 400 PhDs under one roof, and I was interacting for 3 years with a large group of the world‚Äôs brightest #neuralnetwork and #AI researchers, on behalf of $7B NCR. It even included David Rumelhart, the author of the MIT books‚Ä¶ https://t.co/KtpFTSTqLc https://t.co/kmiupyWXJw",OlegFeldgajer,"['neuralnetwork', 'AI']",0,0,https://twitter.com/OlegFeldgajer/status/1370925152247148544
45,"Multitasking Deep Learning Model for Detection of Five Stages of Diabetic Retinopathy
https://t.co/PGeDBWykro
by Sharmin Majumder et al.
#NeuralNetwork #FeatureExtraction",Deep__AI,"['NeuralNetwork', 'FeatureExtraction']",6,7,https://twitter.com/Deep__AI/status/1370906633388187648
46,An Approach towards #NeuralNetwork based Image Clustering https://t.co/Kt3qbtmqTO #gaming #GamesTj https://t.co/QzElSQjEHG,techjunkiejh,"['NeuralNetwork', 'gaming', 'GamesTj']",0,0,https://twitter.com/techjunkiejh/status/1370880870366785538
47,"Decision Trees in Machine Learning (ML) with Python Tutorial

#decisiontrees #deeplearning #neuralnetwork #neuralnetworks #cnn #machinelearning #ml #ai https://t.co/KEugOwpTnB",DataPredictive,"['decisiontrees', 'deeplearning', 'neuralnetwork', 'neuralnetworks', 'cnn', 'machinelearning', 'ml', 'ai']",3,0,https://twitter.com/DataPredictive/status/1370875552219947013
48,How to use batch correctly with a simple Neural Network - Basic Pytorch https://t.co/qUFwSWw5uy #python #pytorch #neuralnetwork https://t.co/SrBpi7Vd2g,overflow_meme,"['python', 'pytorch', 'neuralnetwork']",4,2,https://twitter.com/overflow_meme/status/1370871063597449218
49,"Decision Trees in Machine Learning (ML) with Python Tutorial ‚Üí https://t.co/32qW4XTv0A

#decisiontrees #deeplearning #neuralnetwork #neuralnetworks #cnn #machinelearning #ml #ai #ia #programming #python #100daysofcode #coding #cloudcomputing #math #mathematics #neuralnets",stanford__ai,"['decisiontrees', 'deeplearning', 'neuralnetwork', 'neuralnetworks', 'cnn', 'machinelearning', 'ml', 'ai', 'ia', 'programming', 'python', '100daysofcode', 'coding', 'cloudcomputing', 'math', 'mathematics', 'neuralnets']",15,5,https://twitter.com/stanford__ai/status/1370869814420508673
50,"Decision Trees in Machine Learning (ML) with Python Tutorial ‚Üí https://t.co/xQbc4AqDZh

#decisiontrees #deeplearning #neuralnetwork #neuralnetworks #cnn #machinelearning #ml #ai #ia #programming #python #100daysofcode #coding #cloudcomputing #math #mathematics #neuralnets",mlmemoirs,"['decisiontrees', 'deeplearning', 'neuralnetwork', 'neuralnetworks', 'cnn', 'machinelearning', 'ml', 'ai', 'ia', 'programming', 'python', '100daysofcode', 'coding', 'cloudcomputing', 'math', 'mathematics', 'neuralnets']",23,9,https://twitter.com/mlmemoirs/status/1370868071011876864
51,Evolving Neural Networks in JAX https://t.co/T1kOhIK7wv  #NeuralNetwork,machinelearnflx,['NeuralNetwork'],1,6,https://twitter.com/machinelearnflx/status/1370860681830879232
52,"Neural network-based image reconstruction in swept-source optical coherence tomography using undersampled spectral data
https://t.co/HL9dWP1XUN
by Yijie Zhang et al.
#DeepLearning #NeuralNetwork",arXiv_Daily,"['DeepLearning', 'NeuralNetwork']",1,3,https://twitter.com/arXiv_Daily/status/1370859346410708995
53,"Decision Trees in Machine Learning (ML) with Python Tutorial ‚Üí https://t.co/mrsHDlyHAo

#decisiontrees #deeplearning #neuralnetwork #neuralnetworks #cnn #machinelearning #ml #ai #ia #programming #python #100daysofcode #coding #cloudcomputing #math #mathematics #neuralnets",towards_AI,"['decisiontrees', 'deeplearning', 'neuralnetwork', 'neuralnetworks', 'cnn', 'machinelearning', 'ml', 'ai', 'ia', 'programming', 'python', '100daysofcode', 'coding', 'cloudcomputing', 'math', 'mathematics', 'neuralnets']",14,3,https://twitter.com/towards_AI/status/1370857525420167171
54,"#NeuralNetwork CLIP mirrors human brain neurons in #ImageRecognition
by @authorsarahkatz @TechXplore_com

Go to https://t.co/9Y3HbKkApO

#ComputerVision #NLP #DeepLearning #DataScience #AI #ArtificialIntelligence

Cc: @stanfordnlp @rudyagovic https://t.co/mC1puzCvfX",Ronald_vanLoon,"['NeuralNetwork', 'ImageRecognition', 'ComputerVision', 'NLP', 'DeepLearning', 'DataScience', 'AI', 'ArtificialIntelligence']",9,5,https://twitter.com/Ronald_vanLoon/status/1370839604207706112
55,"Computational Impact Time Guidance: A Learning-Based Prediction-Correction Approach
https://t.co/FhPfMUYFAN
by Zichao Liu et al.
#NeuralNetwork #Estimator",arXiv_Daily,"['NeuralNetwork', 'Estimator']",0,3,https://twitter.com/arXiv_Daily/status/1370814113908097025
56,A basic understanding of statistics is required to understand the top 1 percent of jokes @FiveThirtyEight #Rstats #tensorflow #datascience #ai #machinelearning #neuralnetwork #deeplearning #python #statistics #mathmemes #dataviz https://t.co/JPpbMZzp8E,tddcomics,"['Rstats', 'tensorflow', 'datascience', 'ai', 'machinelearning', 'neuralnetwork', 'deeplearning', 'python', 'statistics', 'mathmemes', 'dataviz']",3,1,https://twitter.com/tddcomics/status/1370808284572229653
57,Learn about Weight (Artificial Neural Network) https://t.co/etGl5Vvat0 #NeuralNetwork #Weight,Deep__AI,"['NeuralNetwork', 'Weight']",1,5,https://twitter.com/Deep__AI/status/1370797840692211715
58,"Deep reinforcement learning in medical imaging: A literature review
https://t.co/7hqGn2tlwK
by S. Kevin Zhou et al.
#NeuralNetwork #ReinforcementLearning",Deep__AI,"['NeuralNetwork', 'ReinforcementLearning']",12,30,https://twitter.com/Deep__AI/status/1370782816041013248
59,"Vol 14, 19 (2019) International Journal of Emerging Technologies in Learning (iJET) https://t.co/IwBTr3hRU3 #artificialintelligence #collaborativePlatform #criticalThinging #edtech #onlineLearning #education #eLearning #inteligenciaArtificial # #MOOC #NeuralNetwork #Technology https://t.co/333BLn45aj",eraser,"['artificialintelligence', 'collaborativePlatform', 'criticalThinging', 'edtech', 'onlineLearning', 'education', 'eLearning', 'inteligenciaArtificial', 'MOOC', 'NeuralNetwork', 'Technology']",0,0,https://twitter.com/eraser/status/1370782131346100224
60,NVIDIA DIGITS: https://t.co/RalARSPRkc | Design custom deep neural network using real-time visualization | #aitrainingsession #aitrainingsessions #neuralnetwork #machinelearningprject #networkresponse #neuralnetworkresponse #dataviz #datavisualization #imageclassification,cudaeducation,"['aitrainingsession', 'aitrainingsessions', 'neuralnetwork', 'machinelearningprject', 'networkresponse', 'neuralnetworkresponse', 'dataviz', 'datavisualization', 'imageclassification']",0,1,https://twitter.com/cudaeducation/status/1370774286798061573
61,"Weak labels and anatomical knowledge: making deep learning practical for intracranial aneurysm detection in TOF-MRA
https://t.co/4rHxMQEShn
by Tommaso Di Noto et al.
#NeuralNetwork #DeepLearning",arXiv_Daily,"['NeuralNetwork', 'DeepLearning']",1,5,https://twitter.com/arXiv_Daily/status/1370753715389440003
62,"How to use K-fold Cross Validation with TensorFlow 2 and Keras?

#neuralnetworks #neuralnetwork #deeplearning #machinelearning #keras #tensorflow #python #pytorch #lightning #ignite #datascience #model #100daysofcode #100daysofmlcode

https://t.co/QqAAEHzRLM",MachineCurve,"['neuralnetworks', 'neuralnetwork', 'deeplearning', 'machinelearning', 'keras', 'tensorflow', 'python', 'pytorch', 'lightning', 'ignite', 'datascience', 'model', '100daysofcode', '100daysofmlcode']",21,11,https://twitter.com/MachineCurve/status/1370721366706696192
63,Overfitting and Underfitting in Neural Networks and How To Reduce It #neuralnetwork üëç https://t.co/isiwRkYWLP,native_stack,['neuralnetwork'],0,0,https://twitter.com/native_stack/status/1370720402519912451
64,"Nondeterminism and Instability in Neural Network Optimization
https://t.co/HeS4wz1mzI
by Cecilia Summers et al.
#NeuralNetwork #ComputerScience",arXiv_Daily,"['NeuralNetwork', 'ComputerScience']",0,6,https://twitter.com/arXiv_Daily/status/1370708309712400388
65,Lecture 11.4 - Graph Recurrent Neural Networks #neuralnetwork üòé https://t.co/uOwB2eiaQ5,native_stack,['neuralnetwork'],0,0,https://twitter.com/native_stack/status/1370689952044838916
66,behold the flesh vats have birthed another alien doppelganger - @poly_annie is the latest human to volunteer for this painless procedure. #alien #art #AI #generativeart #neuralnetwork #styletransfer #deepstyle https://t.co/a4sAntM5Pl,alien3y3,"['alien', 'art', 'AI', 'generativeart', 'neuralnetwork', 'styletransfer', 'deepstyle']",1,13,https://twitter.com/alien3y3/status/1370688213203914757
67,How To Use The Pre-trained Neural Network MobileNet From Keras and TensorFlow #neuralnetwork üèÑ https://t.co/V0HEsUaAlM,native_stack,['neuralnetwork'],0,0,https://twitter.com/native_stack/status/1370676111542153233
68,"The Portal of the Egg - when a clockwork owl fell in battle, a replacement to the cohort was issued from the portal of the egg. #alien #art #clockwork #gears #AI #generativeart #neuralnetwork #styletransfer #deepstyle #mirror #rotation https://t.co/tI7Stuzsx7",alien3y3,"['alien', 'art', 'clockwork', 'gears', 'AI', 'generativeart', 'neuralnetwork', 'styletransfer', 'deepstyle', 'mirror', 'rotation']",0,1,https://twitter.com/alien3y3/status/1370667465806467079
69,"Time and Frequency Network for Human Action Detection in Videos
https://t.co/mGg2hVJdRB
by Changhai Li et al.
#FrequencyDomain #NeuralNetwork",arXiv_Daily,"['FrequencyDomain', 'NeuralNetwork']",8,33,https://twitter.com/arXiv_Daily/status/1370663101708734464
70,"Recommendation System Tutorial with Python using Collaborative Filtering ‚Üí https://t.co/pwJJ9iudkj

#deeplearning #neuralnetwork #neuralnetworks #cnn #machinelearning #ml #ai #ia #programming #python #100daysofcode #coding #cloudcomputing #math #mathematics #neuralnets via ‚Ä¶",arXiv__ml,"['deeplearning', 'neuralnetwork', 'neuralnetworks', 'cnn', 'machinelearning', 'ml', 'ai', 'ia', 'programming', 'python', '100daysofcode', 'coding', 'cloudcomputing', 'math', 'mathematics', 'neuralnets']",19,9,https://twitter.com/arXiv__ml/status/1370658065347907584
71,"A Real-time Low-cost Artificial Intelligence System for Autonomous Spraying in Palm Plantations
https://t.co/dW4EAOkvRP
by Zhenwang Qin et al.
#NeuralNetwork #ArtificialIntelligence",Deep__AI,"['NeuralNetwork', 'ArtificialIntelligence']",3,22,https://twitter.com/Deep__AI/status/1370631907726094337
72,"As the old saying goes, if your flesh has never been transmogrified you ain't really living. @rustysniper1 any insight into the veracity of that chestnut? Thanks for playing ""turn my face into alienflesh"", the game where everyone is a winner! #AI #neuralnetwork #styletransfer https://t.co/L9IyMbgXPR",alien3y3,"['AI', 'neuralnetwork', 'styletransfer']",2,11,https://twitter.com/alien3y3/status/1370625237826473985
73,BERT Neural Network - EXPLAINED! #neuralnetwork üöÄ https://t.co/12MyH1nHAU,native_stack,['neuralnetwork'],0,0,https://twitter.com/native_stack/status/1370584758393081857
74,NVIDIA DIGITS: https://t.co/RalARSPRkc | Perform multi-GPU training with the click of a button | #aitrainingsession #aitrainingsessions #neuralnetwork #machinelearningprject #networkresponse #neuralnetworkresponse #dataviz #datavisualization #imageclassification #remotetraining,cudaeducation,"['aitrainingsession', 'aitrainingsessions', 'neuralnetwork', 'machinelearningprject', 'networkresponse', 'neuralnetworkresponse', 'dataviz', 'datavisualization', 'imageclassification', 'remotetraining']",0,0,https://twitter.com/cudaeducation/status/1370581630654500865
75,"BCFNet: A Balanced Collaborative Filtering Network with Attention Mechanism
https://t.co/p7iL0ZBSi5
by Chang-Dong Wang et al.
#NeuralNetwork #ComputerScience",arXiv_Daily,"['NeuralNetwork', 'ComputerScience']",1,7,https://twitter.com/arXiv_Daily/status/1370557415821766661
76,"""We teach popular #Neuralnetwork like #DeepConvolutionalNetwork DCM, #SupportVectorMachine SVM and #LongTermShortTermMemory LSTM! #DeepLearning in a Day!"" Contact us from our website for more details.
 Great cheat sheet created by Fjodor Van Veen. https://t.co/a8o5asarvs",AustraliaAi,"['Neuralnetwork', 'DeepConvolutionalNetwork', 'SupportVectorMachine', 'LongTermShortTermMemory', 'DeepLearning']",0,1,https://twitter.com/AustraliaAi/status/1370537489203658760
77,The Chip Shortage Seems To Be Impacting AI Workloads in the Cloud https://t.co/vWIuvE8wWt #datascience #AI #ML #DL #neuralnetwork #augmentedanalytics #cloud #analytics #predictive #automation,mylesgilsenan,"['datascience', 'AI', 'ML', 'DL', 'neuralnetwork', 'augmentedanalytics', 'cloud', 'analytics', 'predictive', 'automation']",2,1,https://twitter.com/mylesgilsenan/status/1370518020481806336
78,"Recommendation System Tutorial with Python using Collaborative Filtering ‚Üí https://t.co/eM4yqdyhH9

#deeplearning #neuralnetwork #neuralnetworks #cnn #machinelearning #ml #ai #ia #programming #python #100daysofcode #coding #cloudcomputing #math #mathematics #neuralnets",stanford__ai,"['deeplearning', 'neuralnetwork', 'neuralnetworks', 'cnn', 'machinelearning', 'ml', 'ai', 'ia', 'programming', 'python', '100daysofcode', 'coding', 'cloudcomputing', 'math', 'mathematics', 'neuralnets']",32,6,https://twitter.com/stanford__ai/status/1370507479969320966
79,"Recommendation System Tutorial with Python using Collaborative Filtering ‚Üí https://t.co/vrv8oZ2pFC

#deeplearning #neuralnetwork #neuralnetworks #cnn #machinelearning #ml #ai #ia #programming #python #100daysofcode #coding #cloudcomputing #math #mathematics #neuralnets",mlmemoirs,"['deeplearning', 'neuralnetwork', 'neuralnetworks', 'cnn', 'machinelearning', 'ml', 'ai', 'ia', 'programming', 'python', '100daysofcode', 'coding', 'cloudcomputing', 'math', 'mathematics', 'neuralnets']",26,6,https://twitter.com/mlmemoirs/status/1370505657456152576
80,"[2103.06875 ] For Manifold Learning , Deep #NeuralNetwork can be Locality Sensitive Hash Functions  https://t.co/2Hm5y7qpfU H/T: @Synced_Global",saqibali_ca,['NeuralNetwork'],0,0,https://twitter.com/saqibali_ca/status/1370504875071533058
81,"Recommendation System Tutorial with Python using Collaborative Filtering ‚Üí https://t.co/0cjz7kAqKI

#deeplearning #neuralnetwork #neuralnetworks #cnn #machinelearning #ml #ai #ia #programming #python #100daysofcode #coding #cloudcomputing #math #mathematics #neuralnets",towards_AI,"['deeplearning', 'neuralnetwork', 'neuralnetworks', 'cnn', 'machinelearning', 'ml', 'ai', 'ia', 'programming', 'python', '100daysofcode', 'coding', 'cloudcomputing', 'math', 'mathematics', 'neuralnets']",22,3,https://twitter.com/towards_AI/status/1370495153379667971
82,"Wouldn't it be just great if #4Chan became a kind of unregulated #ScotlandYard?
They are a complex #NeuralNetwork;
They just need engaging #Quests,
To achieve Results.
https://t.co/lokmHSOkGJ

#Memes #Kent #MurderMystery #Police #Detectives #Crime",SebastianNemet3,"['4Chan', 'ScotlandYard', 'NeuralNetwork', 'Quests', 'Memes', 'Kent', 'MurderMystery', 'Police', 'Detectives', 'Crime']",0,0,https://twitter.com/SebastianNemet3/status/1370492893207613441
83,"@techpearce3 @FinancialTimes @FmDailynews @eric_vanpraag @star95011 @t4_research @NovakMortis @MyBeauDes @Gawny7789 @tobiuo_feiyu_da Many many thx @techpearce3

""Genius Makers is a good read, as far as it goes, but the reader is left with the wish that Metz had displayed deeper learning.""
#AI #AGI #DL #ML #neuralnetwork",Annan26,"['AI', 'AGI', 'DL', 'ML', 'neuralnetwork']",1,1,https://twitter.com/Annan26/status/1370481343520501762
84,"#AI Readiness as a Service ‚¨áÔ∏è #MachineLearning 
#ArtificialIntelligence #DeepLearning #DataScience #javascript #serverless #WomenInTech #100DaysOfCode #python #Linux #Flutter #TensorFlow #PyTorch #DigitalTransformation #IoT #NeuralNetwork #AR #VR #XR #MR #FutureOfWork https://t.co/eVHN7U9PQK",JourneyHeroTech,"['AI', 'MachineLearning', 'ArtificialIntelligence', 'DeepLearning', 'DataScience', 'javascript', 'serverless', 'WomenInTech', '100DaysOfCode', 'python', 'Linux', 'Flutter', 'TensorFlow', 'PyTorch', 'DigitalTransformation', 'IoT', 'NeuralNetwork', 'AR', 'VR', 'XR', 'MR', 'FutureOfWork']",41,21,https://twitter.com/JourneyHeroTech/status/1370474476740227074
85,From poetry and trivia to arithmetic and common sense reasoning: AI-backed GPT-3 is here to impress. https://t.co/Qjqrgic8mr #AI #neuralnetwork #artificialintelligence https://t.co/j8Svo6oqT1,uhntrainees,"['AI', 'neuralnetwork', 'artificialintelligence']",1,2,https://twitter.com/uhntrainees/status/1370456567674515459
86,"WANNA JOIN #digital REVOLUTION IN #accounting ?

Please provide securely your dataset for #neuralnetwork retraining and we will show you the magicüßô‚Äç‚ôÇÔ∏è of #artificialintelligence #machinelearningü¶æ in book-keeping. Drop us a message

https://t.co/sayIBh9uMC",AiBookee,"['digital', 'accounting', 'neuralnetwork', 'artificialintelligence', 'machinelearning']",3,3,https://twitter.com/AiBookee/status/1370446129389780993
87,"#DeepLearning #Hardware lecture slide &amp; video

#CPU, #GPU &amp; #TPU

üôèüèæ @jcjohnss

Slide
https://t.co/6Dd1bNWIGy

Video
https://t.co/wGn4vo7VDY

#RAM
#Core
#Tensor
#MachineLearning
#ML
#DL
#ArtificialIntelligence
#AI
#NeuralNetwork
#ConvNet
#ComputerVision
#PathTwitter
#PathResident https://t.co/XkzGQ7Cc2G",MDJDPathology,"['DeepLearning', 'Hardware', 'CPU', 'GPU', 'TPU', 'RAM', 'Core', 'Tensor', 'MachineLearning', 'ML', 'DL', 'ArtificialIntelligence', 'AI', 'NeuralNetwork', 'ConvNet', 'ComputerVision', 'PathTwitter', 'PathResident']",2,3,https://twitter.com/MDJDPathology/status/1370433576903319552
88,Layers and Activation Functions in Artificial Neural Networks #neuralnetwork ü§© https://t.co/hb2dKEWiXX,native_stack,['neuralnetwork'],0,0,https://twitter.com/native_stack/status/1370418667255521283
89,"Domain-specific computing may be all the rage, but it is avoiding the real problem https://t.co/fl6NryPbOq 
#DomainSpecific #processors #semiconductor #DRAM #hpc #TCAM #SRAM #MRAM #lowpower #FeRAM #neuralnetwork",SemiEngineering,"['DomainSpecific', 'processors', 'semiconductor', 'DRAM', 'hpc', 'TCAM', 'SRAM', 'MRAM', 'lowpower', 'FeRAM', 'neuralnetwork']",3,3,https://twitter.com/SemiEngineering/status/1370405973534203904
90,Read about Logit https://t.co/JO33BBE6wY #NeuralNetwork #Logit,Deep__AI,"['NeuralNetwork', 'Logit']",6,7,https://twitter.com/Deep__AI/status/1370405259823120386
91,"#Cat, #Dog, or #ElonMusk‚ùì
Learn how to build an #image-recognizing #CNN with #Python &amp; #Keras
üëâüèΩhttps://t.co/bxYzk3LUSn

#DayaScience #BigData #Analytics #RStats #NeuralNetwork #AI #MachineLearning #ML #DL #IoT #IIoT #IoTPL #Serverless #5G #CloudComputing #RPA #NLP #robotics #DX https://t.co/6nTdnDdZTy https://t.co/drvrf1IYJN",Eli_Krumova,"['Cat', 'Dog', 'ElonMusk', 'image', 'CNN', 'Python', 'Keras', 'DayaScience', 'BigData', 'Analytics', 'RStats', 'NeuralNetwork', 'AI', 'MachineLearning', 'ML', 'DL', 'IoT', 'IIoT', 'IoTPL', 'Serverless', '5G', 'CloudComputing', 'RPA', 'NLP', 'robotics', 'DX']",9,4,https://twitter.com/Eli_Krumova/status/1370402066808631301
92,"""A large number of software neurons are arranged as nodes in a highly interconnected network."" https://t.co/Xcg2jUzW9v

#ai #neuralnetwork #DeepLearning https://t.co/MBngMv6nGJ",Digiosaajat,"['ai', 'neuralnetwork', 'DeepLearning']",0,0,https://twitter.com/Digiosaajat/status/1370398534877515776
93,"Interesting Challenge for Data Scientists with $4000 in prizes. The task of this challenge is to read the paper and independently implement GATE Algorithm, using the dataset given in this challenge. Register here:  #python #Java #C++ #NeuralNetwork https://t.co/RJCMmZLHsH https://t.co/pq2lNVkZ5O",Topcoder,"['python', 'Java', 'C', 'NeuralNetwork']",0,1,https://twitter.com/Topcoder/status/1370394416075132934
94,Mosquitoes - not only annoying but in parts of the world also dangerous. Fight back with a @Raspberry_Pi!¬†A Russian student combined a #RaspPi 3 with #machinelearning &amp; #NeuralNetwork to neutralize the little bloodsuckers with a 1W #laser.  https://t.co/Ms43d6v9OZ via @techradar https://t.co/aYKhJL40ND,MouserElecEU,"['RaspPi', 'machinelearning', 'NeuralNetwork', 'laser']",10,2,https://twitter.com/MouserElecEU/status/1370390420086272002
95,"The Madman (Born in 2077)

#GAN #AI #AIArtwork #ArtificialIntelligence #artbreeder #machinelearning #DeepLearning #portrait #NeuralNetwork
#neuralart https://t.co/07MBh00Btj",thegevanny,"['GAN', 'AI', 'AIArtwork', 'ArtificialIntelligence', 'artbreeder', 'machinelearning', 'DeepLearning', 'portrait', 'NeuralNetwork', 'neuralart']",3,8,https://twitter.com/thegevanny/status/1370374854030065665
96,"Enabling virtual #healthcare with #artificialintelligence ‚¨áÔ∏è #MachineLearning 
#DeepLearning #DataScience #javascript #serverless #WomenInTech #100DaysOfCode #python #Linux #Flutter #TensorFlow #PyTorch #DigitalTransformation #IoT #NeuralNetwork #AR #VR https://t.co/voCoYsG1iH",JourneyHeroTech,"['healthcare', 'artificialintelligence', 'MachineLearning', 'DeepLearning', 'DataScience', 'javascript', 'serverless', 'WomenInTech', '100DaysOfCode', 'python', 'Linux', 'Flutter', 'TensorFlow', 'PyTorch', 'DigitalTransformation', 'IoT', 'NeuralNetwork', 'AR', 'VR']",30,17,https://twitter.com/JourneyHeroTech/status/1370373369233862660
97,"Transformers for Long Text: Code Examples with Longformer 

#neuralnetworks #neuralnetwork #deeplearning #machinelearning #keras #tensorflow #python #pytorch #lightning #ignite #datascience #model #100daysofcode #100daysofmlcode

https://t.co/ooxeLPYgT3",MachineCurve,"['neuralnetworks', 'neuralnetwork', 'deeplearning', 'machinelearning', 'keras', 'tensorflow', 'python', 'pytorch', 'lightning', 'ignite', 'datascience', 'model', '100daysofcode', '100daysofmlcode']",23,10,https://twitter.com/MachineCurve/status/1370372413687480328
98,"If you are want to #learn how to program #AI then our three day #Python and #artificialintelligence course is a great way to #learn new #skills.

#Learn new skills that will enhance you career in this pioneering area #Cardiff and #Bridgend

#neuralnetwork

https://t.co/PiNh9uu2MH https://t.co/7WE0XojXyv",ComputerCymru,"['learn', 'AI', 'Python', 'artificialintelligence', 'learn', 'skills', 'Learn', 'Cardiff', 'Bridgend', 'neuralnetwork']",4,4,https://twitter.com/ComputerCymru/status/1370369881133187073
99,"Optimizers, Loss Functions and Learning Rate in Neural Networks with Keras and TensorFlow #neuralnetwork üëè https://t.co/V0Im33cLlp",native_stack,['neuralnetwork'],0,0,https://twitter.com/native_stack/status/1370360534810329090
